{
    "forcing_file": "./Carmel_inputs_January_2017/forcingscat-3400586.csv",
    "partition_scheme": "Schaake",
    "max_gw_storage": 148.389556885,
    "Cgw": 0.0018,
    "expon": 6.0,
    "gw_storage": 0.05,
    "alpha_fc": 0.33,
    "soil_storage": 0.05,
    "K_nash": 0.03,
    "K_lf": 0.01,
    "nash_storage": [
        0.0,
        0.0
    ],
    "giuh_ordinates": [
        1.0,
        0.0
    ],
    "num_timesteps": 1.0,
    "verbosity": 1.0,
    "DEBUG": 0.0,
    "refkdt": 2.8540333242482747,
    "catchment_area_km2": 2.1352482810423967,
    "soil_params": {
        "D": 2.0,
        "bb": 4.010045051574707,
        "satdk": 1.7369389564439226e-07,
        "satpsi": 0.0328640213292543,
        "slop": 0.1641614288608548,
        "smcmax": 0.4612470804138215,
        "wltsmc": 0.1030000001192092,
        "expon": 1.0,
        "expon_secondary": 0.005
    },
    "soil_scheme": "ode",
    "stand_alone": 1,
    "compare_results_file": "cat58_test_compare.csv"
}