{
    "forcing_file": "./Carmel_inputs_January_2017/forcingscat-3400545.csv",
    "partition_scheme": "Schaake",
    "max_gw_storage": 148.389556885,
    "Cgw": 0.0018,
    "expon": 6.0,
    "gw_storage": 0.05,
    "alpha_fc": 0.33,
    "soil_storage": 0.05,
    "K_nash": 0.03,
    "K_lf": 0.01,
    "nash_storage": [
        0.0,
        0.0
    ],
    "giuh_ordinates": [
        1.0,
        0.0
    ],
    "num_timesteps": 1.0,
    "verbosity": 1.0,
    "DEBUG": 0.0,
    "refkdt": 3.538438081741333,
    "catchment_area_km2": 9.093608815440193,
    "soil_params": {
        "D": 2.0,
        "bb": 2.3265130519866943,
        "satdk": 3.36149091029583e-07,
        "satpsi": 0.034351085510283,
        "slop": 0.1189724653959274,
        "smcmax": 0.4297872245166723,
        "wltsmc": 0.0446698216519681,
        "expon": 1.0,
        "expon_secondary": 0.005
    },
    "soil_scheme": "ode",
    "stand_alone": 1,
    "compare_results_file": "cat58_test_compare.csv"
}