{
    "forcing_file": "./Carmel_inputs_January_2017/forcingscat-3400562.csv",
    "partition_scheme": "Schaake",
    "max_gw_storage": 148.389556885,
    "Cgw": 0.0018,
    "expon": 6.0,
    "gw_storage": 0.05,
    "alpha_fc": 0.33,
    "soil_storage": 0.05,
    "K_nash": 0.03,
    "K_lf": 0.01,
    "nash_storage": [
        0.0,
        0.0
    ],
    "giuh_ordinates": [
        1.0,
        0.0
    ],
    "num_timesteps": 1.0,
    "verbosity": 1.0,
    "DEBUG": 0.0,
    "refkdt": 3.538438081741333,
    "catchment_area_km2": 10.063353271448864,
    "soil_params": {
        "D": 2.0,
        "bb": 4.010045051574707,
        "satdk": 2.9131601947647235e-06,
        "satpsi": 0.1620373927775519,
        "slop": 0.1189724653959274,
        "smcmax": 0.4474907847742657,
        "wltsmc": 0.0768992894598525,
        "expon": 1.0,
        "expon_secondary": 0.005
    },
    "soil_scheme": "ode",
    "stand_alone": 1,
    "compare_results_file": "cat58_test_compare.csv"
}