{
    "forcing_file": "./Carmel_inputs_January_2017/forcingscat-3400611.csv",
    "partition_scheme": "Schaake",
    "max_gw_storage": 148.389556885,
    "Cgw": 0.0018,
    "expon": 6.0,
    "gw_storage": 0.05,
    "alpha_fc": 0.33,
    "soil_storage": 0.05,
    "K_nash": 0.03,
    "K_lf": 0.01,
    "nash_storage": [
        0.0,
        0.0
    ],
    "giuh_ordinates": [
        1.0,
        0.0
    ],
    "num_timesteps": 1.0,
    "verbosity": 1.0,
    "DEBUG": 0.0,
    "refkdt": 3.446707873169865,
    "catchment_area_km2": 7.443443272501483,
    "soil_params": {
        "D": 2.0,
        "bb": 2.3265130519866943,
        "satdk": 1.6869057663643298e-07,
        "satpsi": 0.0357520372735149,
        "slop": 0.1250291051231992,
        "smcmax": 0.4310444232930584,
        "wltsmc": 0.0466908409555792,
        "expon": 1.0,
        "expon_secondary": 0.005
    },
    "soil_scheme": "ode",
    "stand_alone": 1,
    "compare_results_file": "cat58_test_compare.csv"
}