{
    "forcing_file": "./Carmel_inputs_January_2017/forcings/cat-3400610.csv",
    "partition_scheme": "Schaake",
    "max_gw_storage": 148.389556885,
    "Cgw": 0.0018,
    "expon": 6.0,
    "gw_storage": 0.05,
    "alpha_fc": 0.33,
    "soil_storage": 0.05,
    "K_nash": 0.03,
    "K_lf": 0.01,
    "nash_storage": [
        0.0,
        0.0
    ],
    "giuh_ordinates": [
        1.0,
        0.0
    ],
    "num_timesteps": 1.0,
    "verbosity": 1.0,
    "DEBUG": 0.0,
    "refkdt": 3.3248186315649373,
    "catchment_area_km2": 3.9874531680657253,
    "soil_params": {
        "D": 2.0,
        "bb": 2.3265130519866943,
        "satdk": 4.104476028659437e-07,
        "satpsi": 0.0278579667069008,
        "slop": 0.1240861846263068,
        "smcmax": 0.4315598836923213,
        "wltsmc": 0.0469999983906745,
        "expon": 1.0,
        "expon_secondary": 0.005
    },
    "soil_scheme": "ode",
    "stand_alone": 1,
    "compare_results_file": "cat58_test_compare.csv"
}