{
    "forcing_file": "./data_assimilation_with_bmi/Carmel_inputs_January2017/config_json_updated/cat-3400553.csv",
    "partition_scheme": "Schaake",
    "max_gw_storage": 148.389556885,
    "Cgw": 0.0018,
    "expon": 6.0,
    "gw_storage": 0.05,
    "alpha_fc": 0.33,
    "soil_storage": 0.05,
    "K_nash": 0.03,
    "K_lf": 0.01,
    "nash_storage": [
        0.0,
        0.0
    ],
    "giuh_ordinates": [
        1.0,
        0.0
    ],
    "num_timesteps": 1.0,
    "verbosity": 1.0,
    "DEBUG": 0.0,
    "refkdt": 3.344833490768492,
    "catchment_area_km2": 20.26215630458596,
    "soil_params": {
        "D": 2.0,
        "bb": 4.010045051574707,
        "satdk": 9.13242560837362e-08,
        "satpsi": 0.0577581185781657,
        "slop": 0.1317555308149352,
        "smcmax": 0.4619191007410747,
        "wltsmc": 0.1030000001192092,
        "expon": 1.0,
        "expon_secondary": 0.005
    },
    "soil_scheme": "ode",
    "stand_alone": 1,
    "unit_test": 1,
    "compare_results_file": "cat58_test_compare.csv"
}