{
    "forcing_file": "./data_assimilation_with_bmi/Carmel_inputs_January2017/config_json_updated/cat-3400574.csv",
    "partition_scheme": "Schaake",
    "max_gw_storage": 146.832844597,
    "Cgw": 0.0018,
    "expon": 6.0,
    "gw_storage": 0.05,
    "alpha_fc": 0.33,
    "soil_storage": 0.05,
    "K_nash": 0.03,
    "K_lf": 0.01,
    "nash_storage": [
        0.0,
        0.0
    ],
    "giuh_ordinates": [
        1.0,
        0.0
    ],
    "num_timesteps": 1.0,
    "verbosity": 1.0,
    "DEBUG": 0.0,
    "refkdt": 3.45847239191926,
    "catchment_area_km2": 11.962807631962386,
    "soil_params": {
        "D": 2.0,
        "bb": 2.3265130519866943,
        "satdk": 7.822908707469407e-08,
        "satpsi": 0.0374541599492631,
        "slop": 0.1208586239658841,
        "smcmax": 0.4260995702830918,
        "wltsmc": 0.0392865840718659,
        "expon": 1.0,
        "expon_secondary": 0.005
    },
    "soil_scheme": "ode",
    "stand_alone": 1,
    "unit_test": 1,
    "compare_results_file": "cat58_test_compare.csv"
}