{
    "forcing_file": ".input/forcing/cat-3400550.csv",
    "partition_scheme": "Schaake",
    "max_gw_storage": 148.389556885,
    "Cgw": 0.0018,
    "expon": 6.0,
    "gw_storage": 0.05,
    "alpha_fc": 0.33,
    "soil_storage": 0.05,
    "K_nash": 0.03,
    "K_lf": 0.01,
    "nash_storage": [
        0.0,
        0.0
    ],
    "giuh_ordinates": [
        1.0,
        0.0
    ],
    "num_timesteps": 1.0,
    "verbosity": 1.0,
    "DEBUG": 0.0,
    "refkdt": 3.451075510377997,
    "catchment_area_km2": 22.008155188433406,
    "soil_params": {
        "D": 2.0,
        "bb": 2.3265130519866943,
        "satdk": 1.537320369203186e-07,
        "satpsi": 0.0212527954071883,
        "slop": 0.1247407246055808,
        "smcmax": 0.4418804702967874,
        "wltsmc": 0.0663017823706738,
        "expon": 1.0,
        "expon_secondary": 0.005
    },
    "soil_scheme": "ode",
    "stand_alone": 1,
    "unit_test": 1,
    "compare_results_file": "cat58_test_compare.csv"
}