{
    "forcing_file": ".input/forcing/cat-3400559.csv",
    "partition_scheme": "Schaake",
    "max_gw_storage": 148.389556885,
    "Cgw": 0.0018,
    "expon": 6.0,
    "gw_storage": 0.05,
    "alpha_fc": 0.33,
    "soil_storage": 0.05,
    "K_nash": 0.03,
    "K_lf": 0.01,
    "nash_storage": [
        0.0,
        0.0
    ],
    "giuh_ordinates": [
        1.0,
        0.0
    ],
    "num_timesteps": 1.0,
    "verbosity": 1.0,
    "DEBUG": 0.0,
    "refkdt": 3.1828819674772797,
    "catchment_area_km2": 13.276349937026918,
    "soil_params": {
        "D": 2.0,
        "bb": 2.3265130519866943,
        "satdk": 1.5490584100879724e-06,
        "satpsi": 0.0126118770996234,
        "slop": 0.142448649746345,
        "smcmax": 0.4309175136602021,
        "wltsmc": 0.0469999983906746,
        "expon": 1.0,
        "expon_secondary": 0.005
    },
    "soil_scheme": "ode",
    "stand_alone": 1,
    "unit_test": 1,
    "compare_results_file": "cat58_test_compare.csv"
}