{
    "forcing_file": ".input/forcing/cat-3400585.csv",
    "partition_scheme": "Schaake",
    "max_gw_storage": 148.389556885,
    "Cgw": 0.0018,
    "expon": 6.0,
    "gw_storage": 0.05,
    "alpha_fc": 0.33,
    "soil_storage": 0.05,
    "K_nash": 0.03,
    "K_lf": 0.01,
    "nash_storage": [
        0.0,
        0.0
    ],
    "giuh_ordinates": [
        1.0,
        0.0
    ],
    "num_timesteps": 1.0,
    "verbosity": 1.0,
    "DEBUG": 0.0,
    "refkdt": 3.2547576290676914,
    "catchment_area_km2": 5.611054392041982,
    "soil_params": {
        "D": 2.0,
        "bb": 4.010045051574707,
        "satdk": 1.4420095451184708e-07,
        "satpsi": 0.022955103842811,
        "slop": 0.1377029395360246,
        "smcmax": 0.4616471487637598,
        "wltsmc": 0.1027298951271059,
        "expon": 1.0,
        "expon_secondary": 0.005
    },
    "soil_scheme": "ode",
    "stand_alone": 1,
    "unit_test": 1,
    "compare_results_file": "cat58_test_compare.csv"
}